{"cameraMode":{"drawMode":0,"name":"Shaded","section":"Shading Mode"},"sceneLighting":false,"audioPlay":false,"sceneViewState":{"m_AlwaysRefresh":false,"showFog":true,"showSkybox":false,"showFlares":true,"showImageEffects":true,"showParticleSystems":true,"showVisualEffectGraphs":true,"m_FxEnabled":true},"in2DMode":false,"pivot":{"x":-0.048154354095458987,"y":1.7235738039016724,"z":2.100067615509033},"rotation":{"x":0.04120635986328125,"y":-0.31841644644737246,"z":0.013900967314839363,"w":0.9469957947731018},"size":0.9500000476837158,"orthographic":false}