{"cameraMode":{"drawMode":0,"name":"Shaded","section":"Shading Mode"},"sceneLighting":false,"audioPlay":false,"sceneViewState":{"m_AlwaysRefresh":false,"showFog":true,"showSkybox":false,"showFlares":true,"showImageEffects":true,"showParticleSystems":true,"showVisualEffectGraphs":true,"m_FxEnabled":true},"in2DMode":false,"pivot":{"x":-0.5003890991210938,"y":-2.2857444286346437,"z":-0.00041410326957702637},"rotation":{"x":0.2007380872964859,"y":-0.5684065222740173,"z":0.1454404592514038,"w":0.7845166921615601},"size":0.6550021171569824,"orthographic":true}